INSERT INTO Pharmacy (Pharmacy_Number, Name, Phone_Number, Address, Director_FullName)
VALUES ('23a', 'Vita', '89264532020', 'Lukashenko 25', 'Vasiliy Vasilievich')
INSERT INTO Pharmacy (Pharmacy_Number, Name, Phone_Number, Address, Director_FullName)
VALUES ('24a', 'Vita1', '89274532020', 'Lukashenko 24', 'Ivan Ivanov')
INSERT INTO Pharmacy (Pharmacy_Number, Name, Phone_Number, Address, Director_FullName)
VALUES ('25a', 'Vita2', '89284532020', 'Lukashenko 23', 'Daniil Daniilovich')

INSERT INTO Category (Category_Name, Category_Code)
VALUES ('Обезболивающее', '412')
INSERT INTO Category (Category_Name, Category_Code)
VALUES ('Антидеприсанты', '0451')
INSERT INTO Category (Category_Name, Category_Code)
VALUES ('От насморка', '404')


INSERT INTO Characteristics (Characteristics_Code, Characteristics_Name, Category_Code)
VALUES ('0x00454', 'Устаревшие', '0451')
INSERT INTO Characteristics (Characteristics_Code, Characteristics_Name, Category_Code)
VALUES ('0x00451', 'Слабое ад', '0451')
INSERT INTO Characteristics (Characteristics_Code, Characteristics_Name, Category_Code)
VALUES ('0x00452', 'Сильное ад', '0451')
INSERT INTO Characteristics (Characteristics_Code, Characteristics_Name, Category_Code)
VALUES ('0x00453', 'Среднее ад', '0451')
INSERT INTO Characteristics (Characteristics_Code, Characteristics_Name, Category_Code)
VALUES ('0x0412', 'Слабое об', '412')
INSERT INTO Characteristics (Characteristics_Code, Characteristics_Name, Category_Code)
VALUES ('0x0413', 'Сильное об', '412')
INSERT INTO Characteristics (Characteristics_Code, Characteristics_Name, Category_Code)
VALUES ('0x0414', 'Среднее об', '412')
INSERT INTO Characteristics (Characteristics_Code, Characteristics_Name, Category_Code)
VALUES ('0x0404', 'Спрей', '404')
INSERT INTO Characteristics (Characteristics_Code, Characteristics_Name, Category_Code)
VALUES ('0x0405', 'Капли', '404')
INSERT INTO Characteristics (Characteristics_Code, Characteristics_Name, Category_Code)
VALUES ('0x0406', 'По записи', '404')

INSERT INTO Goods (Goods_Code, Name, Category_Code)
VALUES ('0x451', 'Препарат АД', '0451')
INSERT INTO Goods (Goods_Code, Name, Category_Code)
VALUES ('0x452', 'Талбеточки', '0451')
INSERT INTO Goods (Goods_Code, Name, Category_Code)
VALUES ('0x453', 'Постирония', '0451')
INSERT INTO Goods (Goods_Code, Name, Category_Code)
VALUES ('0x404', 'Назол', '404')
INSERT INTO Goods (Goods_Code, Name, Category_Code)
VALUES ('0x405', 'Називин', '404')
INSERT INTO Goods (Goods_Code, Name, Category_Code)
VALUES ('0x406', 'Сморк', '404')
INSERT INTO Goods (Goods_Code, Name, Category_Code)
VALUES ('0x412', 'Морфин', '412')
INSERT INTO Goods (Goods_Code, Name, Category_Code)
VALUES ('0x413', 'Пиптин', '412')
INSERT INTO Goods (Goods_Code, Name, Category_Code)
VALUES ('0x414', 'Вжух', '412')

INSERT INTO Goods_Characteristics (Goods_Code, Characteristics_Code, Characteristics_Description)
VALUES ('0x451', '0x00451', 'Сильнодействующий антидепприсант')
INSERT INTO Goods_Characteristics (Goods_Code, Characteristics_Code, Characteristics_Description)
VALUES ('0x452', '0x00452', 'Слабодействующий антидепприсант')
INSERT INTO Goods_Characteristics (Goods_Code, Characteristics_Code, Characteristics_Description)
VALUES ('0x453', '0x00453', 'Среднедействующий антидепприсант')
INSERT INTO Goods_Characteristics (Goods_Code, Characteristics_Code, Characteristics_Description)
VALUES ('0x404', '0x0404', 'Спрей для носа')
INSERT INTO Goods_Characteristics (Goods_Code, Characteristics_Code, Characteristics_Description)
VALUES ('0x405', '0x0405', 'Капли для носа')
INSERT INTO Goods_Characteristics (Goods_Code, Characteristics_Code, Characteristics_Description)
VALUES ('0x406', '0x0406', 'Средство для носа по записи от врача')
INSERT INTO Goods_Characteristics (Goods_Code, Characteristics_Code, Characteristics_Description)
VALUES ('0x412', '0x0412', 'Сильнодействующее обезболивающее')
INSERT INTO Goods_Characteristics (Goods_Code, Characteristics_Code, Characteristics_Description)
VALUES ('0x413', '0x0413', 'Слабодействующий обезболивающее')
INSERT INTO Goods_Characteristics (Goods_Code, Characteristics_Code, Characteristics_Description)
VALUES ('0x414', '0x0414', 'Среднедействующий обезболивающее')

INSERT INTO Available_Goods (Pharmacy_Number, Goods_Code, Price, Payment_Type)
VALUES ('23a', '0x451', 444, 'Безналичный')
INSERT INTO Available_Goods (Pharmacy_Number, Goods_Code, Price, Payment_Type)
VALUES ('23a', '0x452', 200, 'Наличный')
INSERT INTO Available_Goods (Pharmacy_Number, Goods_Code, Price, Payment_Type)
VALUES ('23a', '0x453', 100, 'Безналичный')
INSERT INTO Available_Goods (Pharmacy_Number, Goods_Code, Price, Payment_Type)
VALUES ('24a', '0x404', 65464, 'Наличный')
INSERT INTO Available_Goods (Pharmacy_Number, Goods_Code, Price, Payment_Type)
VALUES ('24a', '0x405', 2534, 'Безналичный')
INSERT INTO Available_Goods (Pharmacy_Number, Goods_Code, Price, Payment_Type)
VALUES ('24a', '0x406', 524, 'Наличный')
INSERT INTO Available_Goods (Pharmacy_Number, Goods_Code, Price, Payment_Type)
VALUES ('25a', '0x412', 150, 'Безналичный')
INSERT INTO Available_Goods (Pharmacy_Number, Goods_Code, Price, Payment_Type)
VALUES ('25a', '0x413', 600, 'Наличный')
INSERT INTO Available_Goods (Pharmacy_Number, Goods_Code, Price, Payment_Type)
VALUES ('25a', '0x414', 700, 'Безналичный')
